Redirect 301 /acetilcarnitina-acido-alfalipoico-30-capsulas https://www.bioventura.es/acetilcarnitina-acido-alfalipoico-30-capsulas
Redirect 301 /acidophilus-powder-60gr https://www.bioventura.es/acidophilus-powder-60gr
Redirect 301 /acidos-grasos-omega https://www.bioventura.es/acidos-grasos-omega
Redirect 301 /ad-206-apoyo-adrenal-60-capsulas https://www.bioventura.es/ad-206-apoyo-adrenal-60-capsulas
Redirect 301 /ad-intensivo-14-sobres https://www.bioventura.es/ad-intensivo-14-sobres
Redirect 301 /multinutrientes-y-vitaminas/multivitaminas-y-minerales-adultos-30-capsulas https://www.bioventura.es/multinutrientes-y-vitaminas/multivitaminas-y-minerales-adultos-30-capsulas
Redirect 301 /multinutrientes-y-vitaminas/multivitaminas-y-minerales-adultos-60-capsulas https://www.bioventura.es/multinutrientes-y-vitaminas/multivitaminas-y-minerales-adultos-60-capsulas
Redirect 301 /multinutrientes-y-vitaminas/multivitaminas-y-minerales-adultos-90-capsulas https://www.bioventura.es/multinutrientes-y-vitaminas/multivitaminas-y-minerales-adultos-90-capsulas
Redirect 301 /aminoacidos-complex-amino-plex-90-capsulas https://www.bioventura.es/aminoacidos-complex-amino-plex-90-capsulas
Redirect 301 /ante-natal-forte-embarazo-60capsulas https://www.bioventura.es/ante-natal-forte-embarazo-60capsulas
Redirect 301 /antenatal-bioflora-probioticos-30capsulas https://www.bioventura.es/antenatal-bioflora-probioticos-30capsulas
Redirect 301 /antenatal-forte-multinutrientes-para-el-embarazo-60-capsulas https://www.bioventura.es/antenatal-forte-multinutrientes-para-el-embarazo-60-capsulas
Redirect 301 /antifungicos https://www.bioventura.es/antifungicos
Redirect 301 /antioxidant-complex-30-capsulas https://www.bioventura.es/antioxidant-complex-30-capsulas
Redirect 301 /fichaproducto/antioxidante-sistema-inmune/ https://www.bioventura.es/fichaproducto/antioxidante-sistema-inmune/
Redirect 301 /antioxidante-sistema-inmune/proteccion-celular-cell-guard-forte-60-capsulas/ https://www.bioventura.es/antioxidante-sistema-inmune/proteccion-celular-cell-guard-forte-60-capsulas/
Redirect 301 /antioxidante-sistema-inmune/phytocell-30cap/ https://www.bioventura.es/antioxidante-sistema-inmune/phytocell-30cap/
Redirect 301 /artichoke-complex-complejo-alcachofa-90-capsulas https://www.bioventura.es/artichoke-complex-complejo-alcachofa-90-capsulas
Redirect 301 /asc-plus-60-capsulas https://www.bioventura.es/asc-plus-60-capsulas
Redirect 301 /b-complex-25-ninos-30-capsulas https://www.bioventura.es/b-complex-25-ninos-30-capsulas
Redirect 301 /b-complex-30-capsulas https://www.bioventura.es/b-complex-30-capsulas
Redirect 301 /b-complex-60-capsulas https://www.bioventura.es/b-complex-60-capsulas
Redirect 301 /b-complex-90-capsulas https://www.bioventura.es/b-complex-90-capsulas
Redirect 301 /b-plex-vitaminas-b-60-capsulas https://www.bioventura.es/b-plex-vitaminas-b-60-capsulas
Redirect 301 /baby-a-c-d-plus-gotas-15ml https://www.bioventura.es/baby-a-c-d-plus-gotas-15ml
Redirect 301 /ninos/baby-bioflora-probiotico-33g https://www.bioventura.es/ninos/baby-bioflora-probiotico-33g
Redirect 301 /baby-infantis-powder-probiotico-en-polvo-60g https://www.bioventura.es/baby-infantis-powder-probiotico-en-polvo-60g
Redirect 301 /baby-vitamina-d-gotas-15ml https://www.bioventura.es/baby-vitamina-d-gotas-15ml
Redirect 301 /fichaproducto/belleza/ https://www.bioventura.es/fichaproducto/belleza/
Redirect 301 /belleza/ct-241-60-capsulas/ https://www.bioventura.es/belleza/ct-241-60-capsulas/
Redirect 301 /belleza/dermaguard-complex-60-caps/ https://www.bioventura.es/belleza/dermaguard-complex-60-caps/
Redirect 301 /bio-antioxidante-2000-30-capsulas https://www.bioventura.es/bio-antioxidante-2000-30-capsulas
Redirect 301 /bio-acidophilus-120-capsulas https://www.bioventura.es/bio-acidophilus-120-capsulas
Redirect 301 /bio-acidophilus-60-capsulas https://www.bioventura.es/bio-acidophilus-60-capsulas
Redirect 301 /bio-carbonate-complejo-alcalinizante https://www.bioventura.es/bio-carbonate-complejo-alcalinizante
Redirect 301 /bio-d-vitamina-d-liquida-15ml https://www.bioventura.es/bio-d-vitamina-d-liquida-15ml
Redirect 301 /bio-enzyme-60capsulas https://www.bioventura.es/bio-enzyme-60capsulas
Redirect 301 /bio-enzyme-90capsulas https://www.bioventura.es/bio-enzyme-90capsulas
Redirect 301 /bioacidophilus-60-capsulas https://www.bioventura.es/bioacidophilus-60-capsulas
Redirect 301 /bioacidophilus-forte-30-capsulas https://www.bioventura.es/bioacidophilus-forte-30-capsulas
Redirect 301 /bioacidophilus-forte-60-capsulas https://www.bioventura.es/bioacidophilus-forte-60-capsulas
Redirect 301 /bioacidophilus-forte-plus-30cap https://www.bioventura.es/bioacidophilus-forte-plus-30cap
Redirect 301 /bioacidophilus-forte-7-capsulas https://www.bioventura.es/bioacidophilus-forte-7-capsulas
Redirect 301 /bioacidophilus-infantil-de-fresa-60gr-probioticos/ https://www.bioventura.es/bioacidophilus-infantil-de-fresa-60gr-probioticos/
Redirect 301 /biocardio-liquido-omega-3-esteroles-vegetales-300ml/ https://www.bioventura.es/biocardio-liquido-omega-3-esteroles-vegetales-300ml/
Redirect 301 /biocidin-forte-90capsulas https://www.bioventura.es/biocidin-forte-90capsulas
Redirect 301 /biomagnesium-60-capsulas https://www.bioventura.es/biomagnesium-60-capsulas
Redirect 301 /biomanganese-30-capsulas/ https://www.bioventura.es/biomanganese-30-capsulas/
Redirect 301 /biomulsion-a-10ml-5000iu/ https://www.bioventura.es/biomulsion-a-10ml-5000iu/
Redirect 301 /biomulsion-jointguard-omega-3-y-glucosamina-300ml https://www.bioventura.es/biomulsion-jointguard-omega-3-y-glucosamina-300ml
Redirect 301 /biomulsion-d-1000iu-10ml https://www.bioventura.es/biomulsion-d-1000iu-10ml
Redirect 301 /biomulsion-omegaberry-300ml https://www.bioventura.es/biomulsion-omegaberry-300ml
Redirect 301 /biomulsion-omegafruits-omega-3-y-fruta-300ml https://www.bioventura.es/biomulsion-omegafruits-omega-3-y-fruta-300ml
Redirect 301 /biomulsion-omegaplex-omega-3-6-300ml https://www.bioventura.es/biomulsion-omegaplex-omega-3-6-300ml
Redirect 301 /acidos-grasos-omega/biomulsiongla-omega-6-emulsion-300ml https://www.bioventura.es/acidos-grasos-omega/biomulsiongla-omega-6-emulsion-300ml
Redirect 301 /bioplantarum-plus-sterols-90-capsulas https://www.bioventura.es/bioplantarum-plus-sterols-90-capsulas
Redirect 301 /fichaproducto/botanica/ https://www.bioventura.es/fichaproducto/botanica/
Redirect 301 /botanica/nef-242-90-capsulas/ https://www.bioventura.es/botanica/nef-242-90-capsulas/
Redirect 301 /energia-sistema-nervioso/broad-spectrum-aminoacids-aminoacidos-60-capsulas https://www.bioventura.es/energia-sistema-nervioso/broad-spectrum-aminoacids-aminoacidos-60-capsulas
Redirect 301 /broad-spectrum-aminoacids-aminoacidos-90-capsulas https://www.bioventura.es/broad-spectrum-aminoacids-aminoacidos-90-capsulas
Redirect 301 /acido-butirico https://www.bioventura.es/acido-butirico
Redirect 301 /calcium-citrate-90-capsulas https://www.bioventura.es/calcium-citrate-90-capsulas
Redirect 301 /carbo-enzimas-90-capsulas https://www.bioventura.es/carbo-enzimas-90-capsulas
Redirect 301 /celery-seed-extracto-semillas-de-apio-60-capsulas https://www.bioventura.es/celery-seed-extracto-semillas-de-apio-60-capsulas
Redirect 301 /cervagyn-crema-50gr https://www.bioventura.es/cervagyn-crema-50gr
Redirect 301 /children-banana-bioacidophilus-60gr https://www.bioventura.es/children-banana-bioacidophilus-60gr
Redirect 301 /biomulsion-d-infantil-vitamina-d-liquida-10ml https://www.bioventura.es/biomulsion-d-infantil-vitamina-d-liquida-10ml
Redirect 301 /multinutrientes-y-vitaminas/children-complete-complex-150gr-multivitaminas-ninos https://www.bioventura.es/multinutrientes-y-vitaminas/children-complete-complex-150gr-multivitaminas-ninos
Redirect 301 /multinutrientes-y-vitaminas/children-mindlinx-multinutrient-150gr-multinutrientes-ninos https://www.bioventura.es/multinutrientes-y-vitaminas/children-mindlinx-multinutrient-150gr-multinutrientes-ninos
Redirect 301 /children-mindlinx-powder-probiotics-60-gr https://www.bioventura.es/children-mindlinx-powder-probiotics-60-gr
Redirect 301 /children-nutrifruits-infantil-150g https://www.bioventura.es/children-nutrifruits-infantil-150g
Redirect 301 /children-omegaberry-150ml https://www.bioventura.es/children-omegaberry-150ml
Redirect 301 /children-strawberry-acidophilus-plus-60gr https://www.bioventura.es/children-strawberry-acidophilus-plus-60gr
Redirect 301 /childrens-elderberry-complex-150ml https://www.bioventura.es/childrens-elderberry-complex-150ml
Redirect 301 /childrens-red-berry-biomelts-28-sobres https://www.bioventura.es/childrens-red-berry-biomelts-28-sobres
Redirect 301 /colesterasa-60-capsulas https://www.bioventura.es/colesterasa-60-capsulas
Redirect 301 /cita-nutricion https://www.bioventura.es/cita-nutricion
Redirect 301 /coenzima-cq10-100mg-30-capsulas/ https://www.bioventura.es/coenzima-cq10-100mg-30-capsulas/
Redirect 301 /fichaproducto/coenzima-cq10-100mg-30-capsulas-2/ https://www.bioventura.es/fichaproducto/coenzima-cq10-100mg-30-capsulas-2/
Redirect 301 /collagen-complex-60-capsulas https://www.bioventura.es/collagen-complex-60-capsulas
Redirect 301 /belleza/colleginase-60-capsulas https://www.bioventura.es/belleza/colleginase-60-capsulas
Redirect 301 /colonguard-60-capsulas https://www.bioventura.es/colonguard-60-capsulas
Redirect 301 /cobre-gluconato-90-capsulas https://www.bioventura.es/cobre-gluconato-90-capsulas
Redirect 301 /cranberry-intensive-extracto-de-arandanos https://www.bioventura.es/cranberry-intensive-extracto-de-arandanos
Redirect 301 /cranberry-plus-30-capsulas https://www.bioventura.es/cranberry-plus-30-capsulas
Redirect 301 /fichaproducto/deportes/ https://www.bioventura.es/fichaproducto/deportes/
Redirect 301 /deportes/calcio-eap-complex-90-capsulas/ https://www.bioventura.es/deportes/calcio-eap-complex-90-capsulas/
Redirect 301 /fichaproducto/deportes/coenzima-cq10-100mg-30-capsulas/ https://www.bioventura.es/fichaproducto/deportes/coenzima-cq10-100mg-30-capsulas/
Redirect 301 /dricelle-omegaplex-acidos-grasos-omega-36-120g https://www.bioventura.es/dricelle-omegaplex-acidos-grasos-omega-36-120g
Redirect 301 /magnesio-eap-complex-90-capsulas https://www.bioventura.es/magnesio-eap-complex-90-capsulas
Redirect 301 /fichaproducto/energia-sistema-nervioso/ https://www.bioventura.es/fichaproducto/energia-sistema-nervioso/
Redirect 301 /energia-sistema-nervioso/5htp-hidroxitriptofano-60-capsulas/ https://www.bioventura.es/energia-sistema-nervioso/5htp-hidroxitriptofano-60-capsulas/
Redirect 301 /energia-sistema-nervioso/recall-60-capsulas-vegetales/ https://www.bioventura.es/energia-sistema-nervioso/recall-60-capsulas-vegetales/
Redirect 301 /energia-sistema-nervioso/refresh-intensive-14-sobres/ https://www.bioventura.es/energia-sistema-nervioso/refresh-intensive-14-sobres/
Redirect 301 /enteroguard-150g https://www.bioventura.es/enteroguard-150g
Redirect 301 /enteroplex-60-capsulas https://www.bioventura.es/enteroplex-60-capsulas
Redirect 301 /enzima-lactasa-15ml https://www.bioventura.es/enzima-lactasa-15ml
Redirect 301 /eracidin-forte-90capsulas https://www.bioventura.es/eracidin-forte-90capsulas
Redirect 301 /aceite-de-onagra-30-capsulas https://www.bioventura.es/aceite-de-onagra-30-capsulas
Redirect 301 /extracto-de-remolacha-beetroot-extract-90-capsulas https://www.bioventura.es/extracto-de-remolacha-beetroot-extract-90-capsulas
Redirect 301 /eyecare-plus-60-capsulas https://www.bioventura.es/eyecare-plus-60-capsulas
Redirect 301 /f-o-s-fructooligasacaridos-polvo-250gr https://www.bioventura.es/f-o-s-fructooligasacaridos-polvo-250gr
Redirect 301 /femforte-balance-60-capsulas https://www.bioventura.es/femforte-balance-60-capsulas
Redirect 301 /femforte-multi-90-capsulas https://www.bioventura.es/femforte-multi-90-capsulas
Redirect 301 /femguard-multinutrientes-mujer-90-capsulas https://www.bioventura.es/femguard-multinutrientes-mujer-90-capsulas
Redirect 301 /folguard-acido-folicob12-30-capsulas https://www.bioventura.es/folguard-acido-folicob12-30-capsulas
Redirect 301 /fosfatidilserina-30-capsulas https://www.bioventura.es/fosfatidilserina-30-capsulas
Redirect 301 /garcinia-cambogia-plus-90-capsulas https://www.bioventura.es/garcinia-cambogia-plus-90-capsulas
Redirect 301 /garlic-plus-ajo-90-capsulas https://www.bioventura.es/garlic-plus-ajo-90-capsulas
Redirect 301 /fichaproducto/gastrointestinal/ https://www.bioventura.es/fichaproducto/gastrointestinal/
Redirect 301 /gi-complex-165g https://www.bioventura.es/gi-complex-165g
Redirect 301 /ginseng-60-capsulas https://www.bioventura.es/ginseng-60-capsulas
Redirect 301 /glucosamina-60-capsulas/ https://www.bioventura.es/glucosamina-60-capsulas/
Redirect 301 /glucosamine-hydrochloride-60-capsulas https://www.bioventura.es/glucosamine-hydrochloride-60-capsulas
Redirect 301 /glutenzyme-plus-30-capsulas https://www.bioventura.es/glutenzyme-plus-30-capsulas
Redirect 301 /hair-and-nail-complex-complejo-cabello-y-unas-90-capsulas https://www.bioventura.es/hair-and-nail-complex-complejo-cabello-y-unas-90-capsulas
Redirect 301 /hcl-y-pepsina-90-capsulas https://www.bioventura.es/hcl-y-pepsina-90-capsulas
Redirect 301 /hep-194-60-capsulas https://www.bioventura.es/hep-194-60-capsulas
Redirect 301 /hepaguard-forte-60-capsulas https://www.bioventura.es/hepaguard-forte-60-capsulas
Redirect 301 /fichaproducto/higado-detox/ https://www.bioventura.es/fichaproducto/higado-detox/
Redirect 301 /higado-detox/biocysteine-n-acetyl-cysteine-90capsulas/ https://www.bioventura.es/higado-detox/biocysteine-n-acetyl-cysteine-90capsulas/
Redirect 301 /higado-detox/biomer-msm-nac-magnesium-60-capsulas/ https://www.bioventura.es/higado-detox/biomer-msm-nac-magnesium-60-capsulas/
Redirect 301 /immunoberry-baya-del-sauco-con-zinc-150ml https://www.bioventura.es/immunoberry-baya-del-sauco-con-zinc-150ml
Redirect 301 /immunoberry-150ml https://www.bioventura.es/immunoberry-150ml
Redirect 301 /inmune-intensive-7-sobres https://www.bioventura.es/inmune-intensive-7-sobres
Redirect 301 /intrafresh-6-ovulos https://www.bioventura.es/intrafresh-6-ovulos
Redirect 301 /iron-complex-hierro-90-capsulas https://www.bioventura.es/iron-complex-hierro-90-capsulas
Redirect 301 /l-glutamina-polvo-200gr https://www.bioventura.es/l-glutamina-polvo-200gr
Redirect 301 /ligazyme-plus-60-capsulas/ https://www.bioventura.es/ligazyme-plus-60-capsulas/
Redirect 301 /aceite-de-lino-linseed-oil-60-capsulas https://www.bioventura.es/aceite-de-lino-linseed-oil-60-capsulas
Redirect 301 /lipozyme-complejo-de-enzima-lipasa-90-capsulas https://www.bioventura.es/lipozyme-complejo-de-enzima-lipasa-90-capsulas
Redirect 301 /liquid-biocidin-extracto-semilla-pomelo-15ml https://www.bioventura.es/liquid-biocidin-extracto-semilla-pomelo-15ml
Redirect 301 /magnesio-21-calcio-90-capsulas https://www.bioventura.es/magnesio-21-calcio-90-capsulas
Redirect 301 /magnesium-citrate-90-capsulas https://www.bioventura.es/magnesium-citrate-90-capsulas
Redirect 301 /malato-de-magnesio https://www.bioventura.es/malato-de-magnesio
Redirect 301 /magnesium-plus-pantothenate-vitamina-b5-60-capsulas/ https://www.bioventura.es/magnesium-plus-pantothenate-vitamina-b5-60-capsulas/
Redirect 301 /magnesium-powder-90-gramos https://www.bioventura.es/magnesium-powder-90-gramos
Redirect 301 /magnesium-taurate-60-capsulas https://www.bioventura.es/magnesium-taurate-60-capsulas
Redirect 301 /maleforte-multi-60-capsulas/ https://www.bioventura.es/maleforte-multi-60-capsulas/
Redirect 301 /maleforte-plus-30-capsulas https://www.bioventura.es/maleforte-plus-30-capsulas
Redirect 301 /mega-epa-forte-60-capsulas https://www.bioventura.es/mega-epa-forte-60-capsulas
Redirect 301 /mega-epa-omega-3-30-capsulas https://www.bioventura.es/mega-epa-omega-3-30-capsulas
Redirect 301 /mega-epa-omega-3-60-capsulas https://www.bioventura.es/mega-epa-omega-3-60-capsulas
Redirect 301 /mega-epa-omega-3-90-capsulas https://www.bioventura.es/mega-epa-omega-3-90-capsulas
Redirect 301 /mega-gla-complex-90-capsulas https://www.bioventura.es/mega-gla-complex-90-capsulas
Redirect 301 /mega-gla-complex-180-capsulas https://www.bioventura.es/mega-gla-complex-180-capsulas
Redirect 301 /mega-gla-complex-60-capsulas https://www.bioventura.es/mega-gla-complex-60-capsulas
Redirect 301 /methyl-nutrient-60-capsulas https://www.bioventura.es/methyl-nutrient-60-capsulas
Redirect 301 /microcell-curcumin-plus-90-capsulas https://www.bioventura.es/microcell-curcumin-plus-90-capsulas
Redirect 301 /microcell-vitamina-e-100iu-60-capsulas https://www.bioventura.es/microcell-vitamina-e-100iu-60-capsulas
Redirect 301 /microcell-cq10-200-30-capsulas https://www.bioventura.es/microcell-cq10-200-30-capsulas
Redirect 301 /microcell-cq10-plus-omega-60-capsulas https://www.bioventura.es/microcell-cq10-plus-omega-60-capsulas
Redirect 301 /microcell-cq10-plus-linseed-60-capsulas https://www.bioventura.es/microcell-cq10-plus-linseed-60-capsulas
Redirect 301 /microcell-essential-fatty-acids-acidos-grasos-120-capsulas/ https://www.bioventura.es/microcell-essential-fatty-acids-acidos-grasos-120-capsulas/
Redirect 301 /microcell-essential-fatty-acids-acidos-grasos-60-capsulas https://www.bioventura.es/microcell-essential-fatty-acids-acidos-grasos-60-capsulas
Redirect 301 /microcell-nutriguard-plus-30-capsulas https://www.bioventura.es/microcell-nutriguard-plus-30-capsulas
Redirect 301 /microcell-nutriguard-plus-60-capsulas https://www.bioventura.es/microcell-nutriguard-plus-60-capsulas
Redirect 301 /microcell-nutriguard-plus-90-capsulas https://www.bioventura.es/microcell-nutriguard-plus-90-capsulas
Redirect 301 /mindlinx-probiotic-60-capsulas https://www.bioventura.es/mindlinx-probiotic-60-capsulas
Redirect 301 /mineral-complex-30-capsulas https://www.bioventura.es/mineral-complex-30-capsulas
Redirect 301 /mineral-complex-90-capsulas https://www.bioventura.es/mineral-complex-90-capsulas
Redirect 301 /fichaproducto/minerales/ https://www.bioventura.es/fichaproducto/minerales/
Redirect 301 /mitoguard-intensive-apoyo-mitocondrial-14-sobres https://www.bioventura.es/mitoguard-intensive-apoyo-mitocondrial-14-sobres
Redirect 301 /mitoguard-intensivo-14-sobres https://www.bioventura.es/mitoguard-intensivo-14-sobres
Redirect 301 /energia-sistema-nervioso/mitoguard-apoyo-mitocondrial-60-capsulas https://www.bioventura.es/energia-sistema-nervioso/mitoguard-apoyo-mitocondrial-60-capsulas
Redirect 301 /mixed-ascorbates https://www.bioventura.es/mixed-ascorbates
Redirect 301 /msm-plus-90-capsulas/ https://www.bioventura.es/msm-plus-90-capsulas/
Redirect 301 /fichaproducto/mujer/ https://www.bioventura.es/fichaproducto/mujer/
Redirect 301 /mujer/dermaguard-complex-60-capsulas/ https://www.bioventura.es/mujer/dermaguard-complex-60-capsulas/
Redirect 301 /fichaproducto/multinutrientes-y-vitaminas/ https://www.bioventura.es/fichaproducto/multinutrientes-y-vitaminas/
Redirect 301 /multinutrientes-y-vitaminas/betacare-beta-caroteno-30-capsulas/ https://www.bioventura.es/multinutrientes-y-vitaminas/betacare-beta-caroteno-30-capsulas/
Redirect 301 /multinutrientes-y-vitaminas/nadh-5mg-60-capsulas/ https://www.bioventura.es/multinutrientes-y-vitaminas/nadh-5mg-60-capsulas/
Redirect 301 /multinutrientes-y-vitaminas/sea-plasma-fitoplancton-90capsulas/ https://www.bioventura.es/multinutrientes-y-vitaminas/sea-plasma-fitoplancton-90capsulas/
Redirect 301 /mycopryl-acido-caprilico-680-90-capsulas https://www.bioventura.es/mycopryl-acido-caprilico-680-90-capsulas
Redirect 301 /mycopryl-acido-caprilico-250-60-capsulas https://www.bioventura.es/mycopryl-acido-caprilico-250-60-capsulas
Redirect 301 /mycopryl-acido-caprilico-400-100-capsulas https://www.bioventura.es/mycopryl-acido-caprilico-400-100-capsulas
Redirect 301 /n-a-g-n-acetil-glucosamina-60-capsulas/ https://www.bioventura.es/n-a-g-n-acetil-glucosamina-60-capsulas/
Redirect 301 /fichaproducto/ninos/ https://www.bioventura.es/fichaproducto/ninos/
Redirect 301 /nt-188-60-capsulas https://www.bioventura.es/nt-188-60-capsulas
Redirect 301 /nt-complex-60-capsulas https://www.bioventura.es/nt-complex-60-capsulas
Redirect 301 /nt-intensive-14-sobres https://www.bioventura.es/nt-intensive-14-sobres
Redirect 301 /?post_type=fichaproducto&p=2196&preview=true https://www.bioventura.es/?post_type=fichaproducto&p=2196&preview=true
Redirect 301 /nueva-compra?preview=true https://www.bioventura.es/nueva-compra?preview=true
Redirect 301 /nuevo-everyday-bioacidophilus https://www.bioventura.es/nuevo-everyday-bioacidophilus
Redirect 301 /nutrisorb-minerales/ https://www.bioventura.es/nutrisorb-minerales/
Redirect 301 /nutrisorb-cromo-15ml/ https://www.bioventura.es/nutrisorb-cromo-15ml/
Redirect 301 /?post_type=fichaproducto&p=2142&preview=true https://www.bioventura.es/?post_type=fichaproducto&p=2142&preview=true
Redirect 301 /nutrisorb-manganeso-15ml/ https://www.bioventura.es/nutrisorb-manganeso-15ml/
Redirect 301 /nutrisorb-molibdeno-15ml/ https://www.bioventura.es/nutrisorb-molibdeno-15ml/
Redirect 301 /nutrisorb-selenio-15ml/ https://www.bioventura.es/nutrisorb-selenio-15ml/
Redirect 301 /nutrisorb-zinc-30ml/ https://www.bioventura.es/nutrisorb-zinc-30ml/
Redirect 301 /omegacare-3-225ml https://www.bioventura.es/omegacare-3-225ml
Redirect 301 /multinutrientes-y-vitaminas/one-a-day-multinutrientes-30-capsulas https://www.bioventura.es/multinutrientes-y-vitaminas/one-a-day-multinutrientes-30-capsulas
Redirect 301 /multinutrientes-y-vitaminas/one-a-day-multinutrientes-60-capsulas https://www.bioventura.es/multinutrientes-y-vitaminas/one-a-day-multinutrientes-60-capsulas
Redirect 301 /multinutrientes-y-vitaminas/one-a-day-multinutrientes-90-capsulas https://www.bioventura.es/multinutrientes-y-vitaminas/one-a-day-multinutrientes-90-capsulas
Redirect 301 /multinutrientes-y-vitaminas/one-a-day-plus-multinutrientes-30-capsulas https://www.bioventura.es/multinutrientes-y-vitaminas/one-a-day-plus-multinutrientes-30-capsulas
Redirect 301 /multinutrientes-y-vitaminas/one-a-day-plus-multinutrientes-60-capsulas https://www.bioventura.es/multinutrientes-y-vitaminas/one-a-day-plus-multinutrientes-60-capsulas
Redirect 301 /multinutrientes-y-vitaminas/one-a-day-plus-multinutrientes-90-capsulas https://www.bioventura.es/multinutrientes-y-vitaminas/one-a-day-plus-multinutrientes-90-capsulas
Redirect 301 /optizinc-60-capsulas https://www.bioventura.es/optizinc-60-capsulas
Redirect 301 /fichaproducto/oralplex-liquido15ml/ https://www.bioventura.es/fichaproducto/oralplex-liquido15ml/
Redirect 301 /oregano-complex-60-capsulas https://www.bioventura.es/oregano-complex-60-capsulas
Redirect 301 /osteoplex-90-capsulas https://www.bioventura.es/osteoplex-90-capsulas
Redirect 301 /p-5-p-complex-60-capsulas-2 https://www.bioventura.es/p-5-p-complex-60-capsulas-2
Redirect 301 /pedido-26-08-19-nurit-pollak https://www.bioventura.es/pedido-26-08-19-nurit-pollak
Redirect 301 /perform-intensive-14-sobres https://www.bioventura.es/perform-intensive-14-sobres
Redirect 301 /permatrol-90-capsulas https://www.bioventura.es/permatrol-90-capsulas
Redirect 301 /phytomega-3-dha-y-epa-de-algas-30-capsulas/ https://www.bioventura.es/phytomega-3-dha-y-epa-de-algas-30-capsulas/
Redirect 301 /phytosterol-complex-90-capsulas https://www.bioventura.es/phytosterol-complex-90-capsulas
Redirect 301 /fichaproducto/piel-pelo-unas-y-ojos/ https://www.bioventura.es/fichaproducto/piel-pelo-unas-y-ojos/
Redirect 301 /polyzyme-forte-30-capsulas https://www.bioventura.es/polyzyme-forte-30-capsulas
Redirect 301 /polyzyme-forte-90-capsulas https://www.bioventura.es/polyzyme-forte-90-capsulas
Redirect 301 /potasio-citrato-90cap https://www.bioventura.es/potasio-citrato-90cap
Redirect 301 /pregnancy-and-lactation-formula-embarazo-y-lactancia-60-capsulas https://www.bioventura.es/pregnancy-and-lactation-formula-embarazo-y-lactancia-60-capsulas
Redirect 301 /fichaproducto/probioticos/ https://www.bioventura.es/fichaproducto/probioticos/
Redirect 301 /prolactazyme-plus-enzimas-lacteas-30-capsulas https://www.bioventura.es/prolactazyme-plus-enzimas-lacteas-30-capsulas
Redirect 301 /prolactazyme-plus-enzimas-lacteas-90-capsulas https://www.bioventura.es/prolactazyme-plus-enzimas-lacteas-90-capsulas
Redirect 301 /psyllium-intensive-fibra-digestiva-100gr https://www.bioventura.es/psyllium-intensive-fibra-digestiva-100gr
Redirect 301 /psyllium-intensivo-con-probioticos-y-ciruela-100g/ https://www.bioventura.es/psyllium-intensivo-con-probioticos-y-ciruela-100g/
Redirect 301 /pt-208-60-capsulas https://www.bioventura.es/pt-208-60-capsulas
Redirect 301 /quercetin-plus-90-capsulas https://www.bioventura.es/quercetin-plus-90-capsulas
Redirect 301 /reduced-glutathione-90capsulas https://www.bioventura.es/reduced-glutathione-90capsulas
Redirect 301 /replete-intensive-7-dosis-de-probioticos-de-alta-potencia https://www.bioventura.es/replete-intensive-7-dosis-de-probioticos-de-alta-potencia
Redirect 301 /saw-palmetto-complex-60-capsulas https://www.bioventura.es/saw-palmetto-complex-60-capsulas
Redirect 301 /selenio-120-capsulas https://www.bioventura.es/selenio-120-capsulas
Redirect 301 /selenio-60-capsulas https://www.bioventura.es/selenio-60-capsulas
Redirect 301 /slippery-elm-intensive-50g https://www.bioventura.es/slippery-elm-intensive-50g
Redirect 301 /slippery-elm-plus-90-capsulas https://www.bioventura.es/slippery-elm-plus-90-capsulas
Redirect 301 /spectrumzyme-complejo-enzimatico-90-capsulas https://www.bioventura.es/spectrumzyme-complejo-enzimatico-90-capsulas
Redirect 301 /sucroguard-30-capsulas https://www.bioventura.es/sucroguard-30-capsulas
Redirect 301 /sucroguard-90-capsulas https://www.bioventura.es/sucroguard-90-capsulas
Redirect 301 /th-207-60-capsulas https://www.bioventura.es/th-207-60-capsulas
Redirect 301 /th-intensive-28-sobres https://www.bioventura.es/th-intensive-28-sobres
Redirect 301 /vitaflavan-plus-complejo-de-semilla-de-uva-60-capsulas/ https://www.bioventura.es/vitaflavan-plus-complejo-de-semilla-de-uva-60-capsulas/
Redirect 301 /vitamin-c-rosehip-complex https://www.bioventura.es/vitamin-c-rosehip-complex
Redirect 301 /vitamina-b1-30-capsulas https://www.bioventura.es/vitamina-b1-30-capsulas
Redirect 301 /vitamina-b12-30-capsulas https://www.bioventura.es/vitamina-b12-30-capsulas
Redirect 301 /vitamina-b2-30-capsulas-vegetales https://www.bioventura.es/vitamina-b2-30-capsulas-vegetales
Redirect 301 /vitamina-b3-30-capsulas-vegetales https://www.bioventura.es/vitamina-b3-30-capsulas-vegetales
Redirect 301 /vitamina-b6-60-capsulas https://www.bioventura.es/vitamina-b6-60-capsulas
Redirect 301 /vitamina-c-1000-mg-30-capsulas https://www.bioventura.es/vitamina-c-1000-mg-30-capsulas
Redirect 301 /vitamina-c-1000mg-60-capsulas https://www.bioventura.es/vitamina-c-1000mg-60-capsulas
Redirect 301 /vitamina-c-1000mg-90-capsulas https://www.bioventura.es/vitamina-c-1000mg-90-capsulas
Redirect 301 /vitamina-c-500mg-180-capsulas https://www.bioventura.es/vitamina-c-500mg-180-capsulas
Redirect 301 /vitamina-c-500mg-60-capsulas https://www.bioventura.es/vitamina-c-500mg-60-capsulas
Redirect 301 /vitamina-c-polvos-250gr https://www.bioventura.es/vitamina-c-polvos-250gr
Redirect 301 /vitamina-c-polvos-60gr https://www.bioventura.es/vitamina-c-polvos-60gr
Redirect 301 /vitasorb-acido-folico-acido-folico-liquido-15ml https://www.bioventura.es/vitasorb-acido-folico-acido-folico-liquido-15ml
Redirect 301 /vitasorb-b6-liquida-30ml https://www.bioventura.es/vitasorb-b6-liquida-30ml
Redirect 301 /vitasorb-c-vitamina-c-liquido-15ml https://www.bioventura.es/vitasorb-c-vitamina-c-liquido-15ml
Redirect 301 /vitasorb-coq10-coq10-liquido-30ml https://www.bioventura.es/vitasorb-coq10-coq10-liquido-30ml
Redirect 301 /vitasorb-d-vitamina-d-liquida-15ml https://www.bioventura.es/vitasorb-d-vitamina-d-liquida-15ml
Redirect 301 /vitasorb-e-vitamina-e-liquida-15ml https://www.bioventura.es/vitasorb-e-vitamina-e-liquida-15ml
Redirect 301 /multinutrientes-y-vitaminas/vitasorb-multi-multivitaminas-liquidas-30ml https://www.bioventura.es/multinutrientes-y-vitaminas/vitasorb-multi-multivitaminas-liquidas-30ml
Redirect 301 /vitasorb-b-vitaminas-b-liquidas-15ml https://www.bioventura.es/vitasorb-b-vitaminas-b-liquidas-15ml
Redirect 301 /vitasorb-b12-liquida15ml https://www.bioventura.es/vitasorb-b12-liquida15ml
Redirect 301 /vitasorb-a-vitamin-a-liquida-15ml https://www.bioventura.es/vitasorb-a-vitamin-a-liquida-15ml
Redirect 301 /multinutrientes-y-vitaminas/vytamyn-complex-30-capsulas https://www.bioventura.es/multinutrientes-y-vitaminas/vytamyn-complex-30-capsulas
Redirect 301 /multinutrientes-y-vitaminas/vytamyn-complex-60-capsulas https://www.bioventura.es/multinutrientes-y-vitaminas/vytamyn-complex-60-capsulas
Redirect 301 /ascorbato-de-zinc-60-capsulas https://www.bioventura.es/ascorbato-de-zinc-60-capsulas
Redirect 301 /citrato-de-zinc-90-capsulas https://www.bioventura.es/citrato-de-zinc-90-capsulas
